<?xml version="1.0"?>
<doc>
    <assembly>
        <name>Kw.Windows.Forms</name>
    </assembly>
    <members>
        <member name="T:Kw.Windows.Forms.GlobalEventProvider">
            <summary>
            This component monitors all mouse activities globally (also outside of the application) 
            and provides appropriate events.
            </summary>
        </member>
        <member name="P:Kw.Windows.Forms.GlobalEventProvider.CanRaiseEvents">
            <summary>
            This component raises events. The value is always true.
            </summary>
        </member>
        <member name="E:Kw.Windows.Forms.GlobalEventProvider.MouseMove">
            <summary>
            Occurs when the mouse pointer is moved. 
            </summary>
        </member>
        <member name="E:Kw.Windows.Forms.GlobalEventProvider.MouseClick">
            <summary>
            Occurs when a click was performed by the mouse. 
            </summary>
        </member>
        <member name="E:Kw.Windows.Forms.GlobalEventProvider.MouseDown">
            <summary>
            Occurs when the mouse a mouse button is pressed. 
            </summary>
        </member>
        <member name="E:Kw.Windows.Forms.GlobalEventProvider.MouseUp">
            <summary>
            Occurs when a mouse button is released. 
            </summary>
        </member>
        <member name="E:Kw.Windows.Forms.GlobalEventProvider.MouseDoubleClick">
            <summary>
            Occurs when a double clicked was performed by the mouse. 
            </summary>
        </member>
        <member name="E:Kw.Windows.Forms.GlobalEventProvider.MouseMoveExt">
            <summary>
            Occurs when the mouse pointer is moved. 
            </summary>
            <remarks>
            This event provides extended arguments of type <see cref="T:System.Windows.Forms.MouseEventArgs"/> enabling you to 
            supress further processing of mouse movement in other applications.
            </remarks>
        </member>
        <member name="E:Kw.Windows.Forms.GlobalEventProvider.MouseClickExt">
            <summary>
            Occurs when a click was performed by the mouse. 
            </summary>
            <remarks>
            This event provides extended arguments of type <see cref="T:System.Windows.Forms.MouseEventArgs"/> enabling you to 
            supress further processing of mouse click in other applications.
            </remarks>
        </member>
        <member name="E:Kw.Windows.Forms.GlobalEventProvider.KeyPress">
             <summary>
             Occurs when a key is pressed.
             </summary>
             <remarks>
             Key events occur in the following order: 
             <list type="number">
             <item>KeyDown</item>
             <item>KeyPress</item>
             <item>KeyUp</item>
             </list>
            The KeyPress event is not raised by noncharacter keys; however, the noncharacter keys do raise the KeyDown and KeyUp events. 
            Use the KeyChar property to sample keystrokes at run time and to consume or modify a subset of common keystrokes. 
            To handle keyboard events only in your application and not enable other applications to receive keyboard events, 
             set the KeyPressEventArgs.Handled property in your form's KeyPress event-handling method to <b>true</b>. 
             </remarks>
        </member>
        <member name="E:Kw.Windows.Forms.GlobalEventProvider.KeyUp">
            <summary>
            Occurs when a key is released. 
            </summary>
        </member>
        <member name="E:Kw.Windows.Forms.GlobalEventProvider.KeyDown">
            <summary>
            Occurs when a key is preseed. 
            </summary>
        </member>
        <member name="T:Kw.Windows.Forms.HookManager">
            <summary>
            This class monitors all mouse activities globally (also outside of the application) 
            and provides appropriate events.
            </summary>
        </member>
        <member name="F:Kw.Windows.Forms.HookManager.s_MouseDelegate">
            <summary>
            This field is not objectively needed but we need to keep a reference on a delegate which will be 
            passed to unmanaged code. To avoid GC to clean it up.
            When passing delegates to unmanaged code, they must be kept alive by the managed application 
            until it is guaranteed that they will never be called.
            </summary>
        </member>
        <member name="F:Kw.Windows.Forms.HookManager.s_MouseHookHandle">
            <summary>
            Stores the handle to the mouse hook procedure.
            </summary>
        </member>
        <member name="M:Kw.Windows.Forms.HookManager.MouseHookProc(System.Int32,Kw.WinAPI.WM,System.IntPtr)">
            <summary>
            A callback function which will be called every Time a mouse activity detected.
            </summary>
            <param name="nCode">
            [in] Specifies whether the hook procedure must process the message. 
            If nCode is HC_ACTION, the hook procedure must process the message. 
            If nCode is less than zero, the hook procedure must pass the message to the 
            CallNextHookEx function without further processing and must return the 
            value returned by CallNextHookEx.
            </param>
            <param name="wParam">
            [in] Specifies whether the message was sent by the current thread. 
            If the message was sent by the current thread, it is nonzero; otherwise, it is zero. 
            </param>
            <param name="lParam">
            [in] Pointer to a CWPSTRUCT structure that contains details about the message. 
            </param>
            <returns>
            If nCode is less than zero, the hook procedure must return the value returned by CallNextHookEx. 
            If nCode is greater than or equal to zero, it is highly recommended that you call CallNextHookEx 
            and return the value it returns; otherwise, other applications that have installed WH_CALLWNDPROC 
            hooks will not receive hook notifications and may behave incorrectly as a result. If the hook 
            procedure does not call CallNextHookEx, the return value should be zero. 
            </returns>
        </member>
        <member name="F:Kw.Windows.Forms.HookManager.s_KeyboardDelegate">
            <summary>
            This field is not objectively needed but we need to keep a reference on a delegate which will be 
            passed to unmanaged code. To avoid GC to clean it up.
            When passing delegates to unmanaged code, they must be kept alive by the managed application 
            until it is guaranteed that they will never be called.
            </summary>
        </member>
        <member name="F:Kw.Windows.Forms.HookManager.s_KeyboardHookHandle">
            <summary>
            Stores the handle to the Keyboard hook procedure.
            </summary>
        </member>
        <member name="M:Kw.Windows.Forms.HookManager.KeyboardHookProc(System.Int32,Kw.WinAPI.WM,System.IntPtr)">
            <summary>
            A callback function which will be called every Time a keyboard activity detected.
            </summary>
            <param name="nCode">
            [in] Specifies whether the hook procedure must process the message. 
            If nCode is HC_ACTION, the hook procedure must process the message. 
            If nCode is less than zero, the hook procedure must pass the message to the 
            CallNextHookEx function without further processing and must return the 
            value returned by CallNextHookEx.
            </param>
            <param name="wParam">
            [in] Specifies whether the message was sent by the current thread. 
            If the message was sent by the current thread, it is nonzero; otherwise, it is zero. 
            </param>
            <param name="lParam">
            [in] Pointer to a CWPSTRUCT structure that contains details about the message. 
            </param>
            <returns>
            If nCode is less than zero, the hook procedure must return the value returned by CallNextHookEx. 
            If nCode is greater than or equal to zero, it is highly recommended that you call CallNextHookEx 
            and return the value it returns; otherwise, other applications that have installed WH_CALLWNDPROC 
            hooks will not receive hook notifications and may behave incorrectly as a result. If the hook 
            procedure does not call CallNextHookEx, the return value should be zero. 
            </returns>
        </member>
        <member name="E:Kw.Windows.Forms.HookManager.MouseMove">
            <summary>
            Occurs when the mouse pointer is moved. 
            </summary>
        </member>
        <member name="E:Kw.Windows.Forms.HookManager.MouseMoveExt">
            <summary>
            Occurs when the mouse pointer is moved. 
            </summary>
            <remarks>
            This event provides extended arguments of type <see cref="T:System.Windows.Forms.MouseEventArgs"/> enabling you to 
            supress further processing of mouse movement in other applications.
            </remarks>
        </member>
        <member name="E:Kw.Windows.Forms.HookManager.MouseClick">
            <summary>
            Occurs when a click was performed by the mouse. 
            </summary>
        </member>
        <member name="E:Kw.Windows.Forms.HookManager.MouseClickExt">
            <summary>
            Occurs when a click was performed by the mouse. 
            </summary>
            <remarks>
            This event provides extended arguments of type <see cref="T:System.Windows.Forms.MouseEventArgs"/> enabling you to 
            supress further processing of mouse click in other applications.
            </remarks>
        </member>
        <member name="E:Kw.Windows.Forms.HookManager.MouseDown">
            <summary>
            Occurs when the mouse a mouse button is pressed. 
            </summary>
        </member>
        <member name="E:Kw.Windows.Forms.HookManager.MouseUp">
            <summary>
            Occurs when a mouse button is released. 
            </summary>
        </member>
        <member name="E:Kw.Windows.Forms.HookManager.MouseWheel">
            <summary>
            Occurs when the mouse wheel moves. 
            </summary>
        </member>
        <member name="E:Kw.Windows.Forms.HookManager.MouseDoubleClick">
            <summary>
            Occurs when a double clicked was performed by the mouse. 
            </summary>
        </member>
        <member name="M:Kw.Windows.Forms.HookManager.OnMouseUp(System.Object,System.Windows.Forms.MouseEventArgs)">
            <summary>
            This method is designed to monitor mouse clicks in order to fire a double click event if interval between 
            clicks was short enaugh.
            </summary>
            <param name="sender">Is always null</param>
            <param name="e">Some information about click heppened.</param>
        </member>
        <member name="E:Kw.Windows.Forms.HookManager.KeyPress">
             <summary>
             Occurs when a key is pressed.
             </summary>
             <remarks>
             Key events occur in the following order: 
             <list type="number">
             <item>KeyDown</item>
             <item>KeyPress</item>
             <item>KeyUp</item>
             </list>
            The KeyPress event is not raised by noncharacter keys; however, the noncharacter keys do raise the KeyDown and KeyUp events. 
            Use the KeyChar property to sample keystrokes at run time and to consume or modify a subset of common keystrokes. 
            To handle keyboard events only in your application and not enable other applications to receive keyboard events, 
             set the KeyPressEventArgs.Handled property in your form's KeyPress event-handling method to <b>true</b>. 
             </remarks>
        </member>
        <member name="E:Kw.Windows.Forms.HookManager.KeyUp">
            <summary>
            Occurs when a key is released. 
            </summary>
        </member>
        <member name="E:Kw.Windows.Forms.HookManager.KeyDown">
            <summary>
            Occurs when a key is preseed. 
            </summary>
        </member>
        <member name="T:Kw.Windows.Forms.MouseEventExtArgs">
            <summary>
            Provides data for the MouseClickExt and MouseMoveExt events. It also provides a property Handled.
            Set this property to <b>true</b> to prevent further processing of the event in other applications.
            </summary>
        </member>
        <member name="M:Kw.Windows.Forms.MouseEventExtArgs.#ctor(System.Windows.Forms.MouseButtons,System.Int32,System.Int32,System.Int32,System.Int32)">
            <summary>
            Initializes a new instance of the MouseEventArgs class. 
            </summary>
            <param name="buttons">One of the MouseButtons values indicating which mouse button was pressed.</param>
            <param name="clicks">The number of times a mouse button was pressed.</param>
            <param name="x">The x-coordinate of a mouse click, in pixels.</param>
            <param name="y">The y-coordinate of a mouse click, in pixels.</param>
            <param name="delta">A signed count of the number of detents the wheel has rotated.</param>
        </member>
        <member name="M:Kw.Windows.Forms.MouseEventExtArgs.#ctor(System.Windows.Forms.MouseEventArgs)">
            <summary>
            Initializes a new instance of the MouseEventArgs class. 
            </summary>
            <param name="e">An ordinary <see cref="T:System.Windows.Forms.MouseEventArgs"/> argument to be extended.</param>
        </member>
        <member name="P:Kw.Windows.Forms.MouseEventExtArgs.Handled">
            <summary>
            Set this property to <b>true</b> inside your event handler to prevent further processing of the event in other applications.
            </summary>
        </member>
    </members>
</doc>
